PARK,Fields,Club,Location address 1,Alternative address #2,,,Location Map,Field Map,,,,
60 Acres Park,,,"15200 NE 116th St,"," Redmond, WA 98052",,,"https://www.google.com/maps/dir//Sixty+Acres+Park,+15200+NE+116th+St,+Redmond,+WA+98052/@47.7026186,-122.1414807,857m/data=!3m1!1e3!4m8!4m7!1m0!1m5!1m1!1s0x54900d16ac8a81ef:0x53f59e0cb0d737c5!2m2!1d-122.140177!2d47.7047699?entry=ttu&g_ep=EgoyMDI1MDUyOC4wIKXMDSoASAFQAw%3D%3D",,,,,
84th & Grange Field,,SCW Greendale,"5600 Gardenway,","Greendale,",WI,53129,"https://www.google.com/maps/dir//84th+and+grange/@43.1238729,-88.2428746,11z/data=!4m8!4m7!1m0!1m5!1m1!1s0x88050e186156f191:0x42d67a188e540667!2m2!1d-88.0194676!2d42.9431588",,,,,
Academy of Holy Angels school,,"MTA, MN","6600 Nicollet Ave, ",Minneapolis,MN,55423,,,,,,
Ackerman Grove Park,,WUFC,"4875 COUNTY HIGHWAY Z,",West Bend,WI,53095,"https://www.google.com/maps/dir//Ackerman's+Grove+County+Park,+4875+Co+Hwy+Z,+West+Bend,+WI+53095/@43.3672725,-88.2303083,16z/data=!4m9!4m8!1m0!1m5!1m1!1s0x88045912e6c0aedf:0x57ce87708769baf8!2m2!1d-88.2254259!2d43.3676244!3e0",,,,,
AHA - Academy of Holy Angels school,,"MTA, MN","6600 Nicollet Ave,",Minneapolis,MN,55423,,,,,,
Akzo Nobel Park,,United Hurricanes," 1600 Pinecrest Rd.,",Howard,WI,54313,,,,,,
AKZO NOBEL SPORTS COMPLEX,,,"1600 Pinecrest Road,",Howard,WI,54313,54313,,,,,
Alex West Memorial ,,Capital East SC,"505 Dempsey Rd, ",Madison,WI,54714,"https://www.google.com/maps/dir//505+Dempsey+Rd,+Madison,+WI+53714/@43.0897752,-89.3179899,17z/data=!4m9!4m8!1m0!1m5!1m1!1s0x8806515162241b0d:0x1c117845eaabc3f6!2m2!1d-89.3157959!2d43.0897752!3e0",,,,,
ALLOUEZ KIWANIS PARK,,3517 E. River Drive,3517 E. River Drive,Green Bay,WI,54301,"https://www.google.com/maps/dir//Village+of+Allouez+-+Kiwanis+Park,+3517+E+River+Dr,+Allouez,+WI+54301/@43.8933276,-88.8054645,9z/data=!4m9!4m8!1m0!1m5!1m1!1s0x8802fca614d863df:0x83c7033d54ee8097!2m2!1d-88.0215911!2d44.4543585!3e0?entry=ttu",,,,,
Anderson Park,,Kenosha/Racine Union,"Anderson SP, 8730 22nd Ave.",Kenosha,WI,53143,"https://www.google.com/maps/place/Anderson+Park/@42.5459606,-87.8383983,15z/data=!4m5!3m4!1s0x0:0x8a1f12e27bb70b9d!8m2!3d42.5459606!4d-87.8383983",,,,MKSC - FIELDS,https://www.mksc.org/fields
Armory,,Pewaukee-Sussex SC,"w239n5664 Maple Ave, ",Sussex,WI,53089,,,http://psu.pewaukeesussexunited.com/organizations/1655/pages/87305,,,
Ashwaubenon SC,,FC Green Bay,1640 Fernando Dr.,Ashwaubenon,WI,54115,"https://www.google.com/maps/dir/''/Ashwaubenon+Sports+Complex/@44.4612466,-88.1973482,12z/data=!4m8!4m7!1m0!1m5!1m1!1s0x8802f92af8d72fe5:0xd82f0d45dc651f25!2m2!1d-88.1273084!2d44.461268",,,,,
ASHWAUBENON SPORTS COMPLEX,Ashwaubenon Sports Complex,,"1640 Fernando Drive,",Ashwaubenon,WI,54115,54115,�,,,,
ASHWAUBOMAY MEMORIAL RIVER PARK,Ashwaubomay Memorial River Park,,"2881 S Broadway,",Green Bay,WI,54304,"https://www.google.com/maps/dir//Ashwaubomay+Memorial+River+Park,+Ashwaubenon,+WI+54304/@43.8872516,-89.4609802,8z/data=!4m9!4m8!1m0!1m5!1m1!1s0x8802fb85611b0231:0x58c512dcb8492e3!2m2!1d-88.0595345!2d44.4666236!3e0?entry=ttu",�,,,,
Austin-Tindell Sports Complex,Field Map,Austin-Tindell Sports Complex,4100 Boggey Creek Rd.,Kissimee,FL,34744,"https://www.google.com/maps/dir//Austin-Tindall+Sports+Complex,+4100+Boggy+Creek+Rd,+Kissimmee,+FL+34744/@28.3321536,-81.2891118,15z/data=!4m9!4m8!1m0!1m5!1m1!1s0x88dd891064dc3ecb:0x7d0d493b6767b1e6!2m2!1d-81.2788335!2d28.332154!3e0?entry=ttu",,,,,
Badger High School,,Lake Geneva Lakers,"220 E South St,",Lake Geneva,WI,53147,"https://www.google.com/maps/dir//Badger+High+School,+220+E+South+St,+Lake+Geneva,+WI+53147/@42.9416835,-88.2786958,10z/data=!4m9!4m8!1m0!1m5!1m1!1s0x88058a363d3ce3b7:0xf52594d2aaf374ef!2m2!1d-88.4196046!2d42.5737967!3e0?entry=ttu",,,,,
Badger Prairie Park at Reddan Park,,Madison 56ers,4654 Maple Grove Dr,Verona,WI,53593,"https://www.google.com/maps/dir//Badger+Prairie+Cnty+Pk,+4654+Maple+Grove+Dr,+Verona,+WI+53593/@43.1873706,-88.8432593,8z/data=!4m9!4m8!1m0!1m5!1m1!1s0x8807b0fc2e567905:0x41f9aabc927aa6e9!2m2!1d-89.5200693!2d42.9983153!3e0?entry=ttu",,,,,
Balmer Park,,Pewaukee-Sussex SC,"N44 W23875 Lindsay Rd, Pewaukee, WI 53072",,,,,,,,,
Bavarian SC ,FIELD MAP,Bavarian SC,"700 W Lexington Blvd, ",Glendale,WI,53217,"https://www.google.com/maps/place/700+W+Lexington+Blvd,+Glendale,+WI+53217/@43.1152742,-87.9235133,17z/data=!3m1!4b1!4m5!3m4!1s0x88051e885291deaf:0x86ae5d4705baf13f!8m2!3d43.1152742!4d-87.9213246",,,,,
Big Foot High School,,SC Wave-Walworth,"401 Devils Ln, Walworth, WI 53184",,,,,,,,,
BKE,#52,Oregon SC,"204 Division St., ",Brooklyn,WI,53521,"https://www.google.com/maps/dir//Brooklyn+Elementary+School+204+Division+St.,+Brooklyn,+WI+53521/@43.0963057,-89.387794,9z/data=!4m8!4m7!1m0!1m5!1m1!1s0x88063566ee5ca957:0x341c4bbbbef15345!2m2!1d-89.3755352!2d42.855195",,,,,
Bollinger Fields,,,"3111 Eldorado Blvd,  Eau Claire, WI 54701",,,,,,,,,
Bradford Beach,,,"Lincoln Memorial Drive, Milwaukee, WI 53202",,,,,,,,,
Brandybrooks Soccer Fields,,FC Strike / SWC Titletown Elite ,"S11W29980 Summit Ave, Waukesha, WI 53188",,,,,,,,,
Brickyards,,Pegasus FC Premier SC (IL),"375 Elm St,Deerfield, IL 60015",,,,,,,,,
Bridgeview Sports Fields,,,,,,,,,,,,
Broadview Soccer Complex,,,"2800 E River,",Allouez,WI,54301,"https://www.google.com/maps/dir//2800+E+River+Dr,+Allouez,+WI+54301/@44.4641105,-88.0195235,731m/data=!3m1!1e3!4m9!4m8!1m0!1m5!1m1!1s0x8802fb5165640163:0xd525debaf3fb44a!2m2!1d-88.0173295!2d44.4641067!3e0",,,,,
BROADVIEW SOCCER COMPLEX,Broadview Soccer Complex,"2800 E River, Allouez, WI 54301","2800 E River, Allouez, WI 54301",WI,,,54301,�,,,,
Brockmeyer Park,,MC United,"4200 Stettin Dr, Wausau, WI 54401",,,,,,,,,
Brookfield East HS,,Elmbrook SC,"3305 N Lilly Rd, Brookfield, WI 53005",,,,,,,,,
Brookfield Indoor Soccer Complex,( MWSOC),,"19485 Lisbon Rd,",Brookfield,WI,53045,"https://www.google.com/maps/dir//midwest+orthopedic+sports+complex/@43.204087,-88.2611823,11z/data=!4m8!4m7!1m0!1m5!1m1!1s0x8805aa7173c5ff55:0x469b97774858c7da!2m2!1d-88.1539925!2d43.1036926",,,,,
Brookfield Soccer Complex (BSC),,SC Wave,"W212N4933 Weyer Rd, ",Menomonee Falls,WI,53041,"https://www.google.com/maps/dir//W212N4933+Weyer+Rd,+Menomonee+Falls,+WI+53051/@43.1074951,-88.1785581,17z/data=!4m9!4m8!1m0!1m5!1m1!1s0x8805aa718e0f65eb:0xdf7dc1859c0c11ae!2m2!1d-88.1763694!2d43.1074951!3e0",,,,,
Bryan Park SC,#08,,"6105 Townsend Rd, Browns Summit, NC 27214",#08,,,,,,,,
Bushnell Park,,,,,,,"https://www.google.com/maps/dir//Bushnell+County+Park,+32100+Bushnell+Rd,+Burlington,+WI+53105/@42.9867574,-88.5501066,10z/data=!4m9!4m8!1m0!1m5!1m1!1s0x8805849440999995:0xb90d6d15f6325455!2m2!1d-88.2625607!2d42.6715166!3e0?entry=ttu",,,,,
Calavera Springs Park,Field #1,HFC (Howard Fire FC),"2694 Flintville Rd, Suamico, WI 54313",,,,,,,,,
CALAVERA SPRINGS PARK,Calavera Springs Park,2694 Flintville Rd,"2694 Flintville Rd, Suamico, WI 54313",WI,,,54313,�,,,,
Calhoun Park,,SC Wave New Berlin,"5400 S. Calhoun Rd., ",New Berlin,WI,53151,"https://www.google.com/maps/dir//Calhoun+Park,+5400+S+Calhoun+Rd,+New+Berlin,+WI+53151/@42.9472509,-88.1298701,17z/data=!4m9!4m8!1m0!1m5!1m1!1s0x8805090ad013bff3:0x7924b6abbff605f6!2m2!1d-88.1276761!2d42.947247!3e0",,,,,
Capital Credit Union Park,,,"2231 Holmgren Way, ",Ashwaubenon,WI,54304,"https://www.google.com/maps/dir//Green+Bay+Booyah+Baseball,+2231+Holmgren+Way,+Green+Bay,+WI+54304/@44.4903839,-88.0585033,15z/data=!4m9!4m8!1m0!1m5!1m1!1s0x8802fb782b0bbd93:0xa93ef18f101f8b35!2m2!1d-88.058103!2d44.489436!3e0",,,,,
Carriage Hill Estates,,Sun Prairie SC,540 N. Musket Ridge Dr,Sun Prairie,WI,53590,"https://www.google.com/maps/dir/''/carriage+hills+estates+park/@43.1840222,-89.2684211,12z/data=!4m8!4m7!1m0!1m5!1m1!1s0x8806f63bc6e93d91:0xc5ab98ae67da2ce6!2m2!1d-89.1983813!2d43.1840436",,http://www.sunprairiesoccer.com/our-fields.html,,,
Carroll University,Schneider Field,,"N Barstow St, Waukesha, WI 53186",,,,Schneider Field,,,,,
Casper Park,Field #01,SC Wave NB,Field use.,,,,,,,,,
Central Middle School,Stadium  ,MN Select,8100 School Rd.,Eden Prairie,MN,55344,,,,,,
College of Dupage,Stadium Turf,Chicago Magic SC,"College Dr., Glen Ellyn, IL 60137",,,,,,,,,
Commissioners  Park,Turf and Grass,Eclipse,"3704 111th St., Naperville, IL  60654",,,,,,,,,
Comporium Athletic Park,,,"1300 Spratt St., Fort Mill, SC 29715",,,,,,,,,
Connelly Park,#17 & #18,Soccers FC,"Connelly Park, 64 Azalea Dr, Schaumburg, IL 60173 (possibly 74 Azalea)",,,,,,,,,
Conway Park,,,,,,,,,,,,
Creve Coeur Park (CCP),FIELD MAP,,"350 Creve Coeur Mill Rd, ",Maryland Heights,MO,63043,"https://www.google.com/maps/dir//creve+coeur+park+soccer+complex/@38.7159332,-90.5261584,13z/data=!3m1!4b1!4m8!4m7!1m0!1m5!1m1!1s0x87df2c3596ee59bf:0xa75e5ac2d77dcd50!2m2!1d-90.491139!2d38.7159384",,,,,
Croatian Soccer Park,Croatian Field Map,Croatian Eagles,9140 S 76th Street ,Franklin,WI,53132,"https://www.google.com/maps/dir//Croatian+Eagles+Soccer+Club,+9140+S+76th+St,+Franklin,+WI+53132/@42.8779281,-88.01698,15.92z/data=!4m9!4m8!1m0!1m5!1m1!1s0x880512824f51a657:0xd2daec44d5526e84!2m2!1d-88.0065961!2d42.8788218!3e0",Croatian Field Map,"https://static.wixstatic.com/media/bf92df_530ee876113a4ee894c2f1900c254d5a~mv2.jpg/v1/fill/w_921,h_608,al_c,q_85,usm_0.66_1.00_0.01/bf92df_530ee876113a4ee894c2f1900c254d5a~mv2.jpg",,,
Crown Pointe SC,,Milinimum Elite SC,"1401 E North St, ",Crown Point,IN,46307,"https://www.google.com/maps/dir//Crown+Point+Sports+Complex/@41.4155352,-87.3874995,13z/data=!4m9!4m8!1m0!1m5!1m1!1s0x8811efd1f7413039:0xaa273fcb26fc1b6c!2m2!1d-87.3462142!2d41.4155426!3e0?entry=ttu",,,,,
Danny Cunniff Park,,Chicago Magic SC,"2700 Trail Way, Highland Park, IL 60035",,,,,,,,,
De Pere Southwest Park,,DePere Select Soccer," 2472 lawrence Drive,",De Pere,WI,54115,"https://www.google.com/maps/dir//Southwest+Park,+2472+Lawrence+Dr,+De+Pere,+WI+54115/@44.4056157,-88.1352714,17z/data=!4m9!4m8!1m0!1m5!1m1!1s0x8802ffb4ebd41577:0x2d50689b25cc8906!2m2!1d-88.1309689!2d44.4058876!3e0",,,,,
Delafield Sports Commons,,FCW West,"W302N1208 Maple Ave., Delafield, WI 53018",,,,,,,,,
Dowling Park Athletic SC,Field #01,Indiana Elite,"3031 JF Mahoney Drive, Hammond, IN ",,,,,,,,,
Duck Pond,#1,Southern Lakes Rush (delavan/geneva),"300 Wild Duck Rd, Fontana-On-Geneva Lake, WI 53125",,,,,,,,,
Eau Claire SP,FIELD MAP,Eau Claire Soccer Club,"3456 Craig Rd, Eau Claire, Wisconsin 54701",,,,,,,,,
Edgewater College,,Madison 56ers,"1000 Edgewood College Drive, WI 53711",,,,,,,,,
Elite Sports Complex,Grass,Indiana Elite,"2945 Samuleson Rd., Portage, IN 46386",,,,,,,,,
Elkhorn Area High School (EAHS),Soccer Field,Elkhorn SC,"482 E Geneva St,",Elkhorn,WI,53121,"https://www.google.com/maps/dir//Elkhorn+Area+High+School,+482+E+Geneva+St,+Elkhorn,+WI+53121/@42.6715713,-88.5358114,16z/data=!4m9!4m8!1m0!1m5!1m1!1s0x8805f246130dd12b:0x5821e653c5bac8ae!2m2!1d-88.531434!2d42.6715713!3e0",,,,,
Elm Grove Park (EGP),North #3,Elmbrook United,13600 Juneau Blvd.,Elm Grove,WI,53122,"https://www.google.com/maps/place/13600+Juneau+Blvd,+Elm+Grove,+WI+53122/@43.0466657,-88.085029,17z/data=!3m1!4b1!4m5!3m4!1s0x8805042c2c5a7b01:0x60745ed384a235e5!8m2!3d43.0466657!4d-88.0828403",,,,,
Endeavor Health Performance Center,,Chicago Fire Juniors,"1403 E. 14th St.,",Chicago,IL,60605,,,,,,
Endicott Park,,Elmbrook United,"435 S Calhoun Rd, Brookfield, WI 53045",,,,,,,,,
Estabrook Park,,,4400 N. Estabrook Dr.,Shorewood,WI,53211,,,,,,
Ewald SP,FIELD MAP,Strike FC,Monterey Park N80W38226 McMahon Road ,Oconomowoc,WI,53066,"https://www.google.com/maps/dir/''/ewald+soccer+park/@43.1656021,-88.5734959,12z/data=!4m8!4m7!1m0!1m5!1m1!1s0x88043533ecb0b2b1:0xbeccb03a6634b704!2m2!1d-88.5034561!2d43.1656235",,,,,
FC Wisconsin,Field Map,,"W140N10022 Fond Du Lac Ave, Germantown, WI 53022",,,,,,,,,
Fish Hatchery Sports Complex,,,,,,,,,,,,
FIELD OF DREAMS,Field of Dreams,W 7124 W. Wisconsin,"W 7124 W. Wisconsin, Greenville, WI 54942",WI,,,54942,"<p>Located on Hwy 96 just West of Hwy 76 in Greenville.</p>
 
 �",,,,
Fond du Lac SC,FIELD MAP F21,Fond du Lac SA,402 Campus Drive,Fond du Lac,WI,54935,"https://www.google.com/maps/dir//402+Campus+Dr,+Fond+du+Lac,+WI+54935/@43.7934074,-88.4119864,17z/data=!4m9!4m8!1m0!1m5!1m1!1s0x88038a1a1686c8a5:0xd57d6e9574142b22!2m2!1d-88.4097977!2d43.7934074!3e0",,,,,
FORT HOWARD PARK,Fort Howard Park,,"2185 Crary Street, Ashwaubenon, WI 54304",WI,,,54304,�,,,,
Franklin Central HS,,,"6215 S. Franklin Rd, Indianapolis, IN 46259",,,,,,,,,
Franklin High School,,AC Toros,"8222 S. 51st St., Franklin, WI 53132",,,,,,,,,
Franksville Park,,"Ace Soccer Club-Milwaukee, Racine, Kenosha",9416 Northwestern Ave,Franksville,WI,53126,"https://www.google.com/maps/dir//9416+Northwestern+Ave,+Franksville,+WI+53126/@42.7501177,-87.8983453,14.9z/data=!4m9!4m8!1m0!1m5!1m1!1s0x8805697a5f7fc617:0xfd1270c22c7fad2f!2m2!1d-87.9025241!2d42.7583797!3e0?entry=ttu",no field map,,,,
FREEDOM VFW MEMORIAL PARK,Freedom VFW Memorial Park,,"W1992 Industrial Dr, Kaukauna, WI 54130",WI,,,54130,"<p>Entrance to soccer fields is just west of this address.</p>
 
 �",,,,
Friedenfeld Park,,MK Germantown SC,W140 N11492 Country Aire Dr.,Germantown,WI,53022,"https://www.google.com/maps/dir//W140+N11492+Country+Aire+Dr.+(north+of+Mequon+Rd.)+Germantown,+WI/@43.2699583,-88.3107327,11z/data=!4m8!4m7!1m0!1m5!1m1!1s0x8804fc1abe72603f:0x13b133f4bf606ddb!2m2!1d-88.0800523!2d43.2265017",,,,,
FT. HOWARD PARK,Ft. Howard Park,2127 Crary Street,"2127 Crary Street, Ashwaubenon, WI 54304",WI,,,54304,�,,,,
Frontier Parks Sports Complex,Field E,,"3415 Book Rd., Naperville, IL 60564",,,,,,,,,
Glover Park,FIELD MAP,Glover Park,"11217 Greenwood Road, Glen Allen, VA 23059",,,,,,,,,
GOALGETTERS UNITED SOCCER CLUB,Goalgetters United Soccer Club,1900 W VIEBAHN ST,"1900 W VIEBAHN ST, Manitowoc, WI 54220",WI,,,54220,,,,,
Gordan Park,,,"Gordon Park 2828 N Humboldt Blvd Milwaukee, WI",,,,,,,,,
Grant Park,,,,,,,,,,,,
Grand Park,FIELD MAP,,"19000 Grand Park Blvd, Westfield, IN 46074",,,,,,,,,
GREAT NORTHERN PARK,Great Northern Park,,"735 KENSINGTON ROAD, Neenah, WI 54956",WI,,,54956,�,,,,
Green Bay -Southwest High School,,,1331 Packerland Dr,Green Bay,WI,54304,"https://www.google.com/maps/dir//Green+Bay+Southwest+High+School,+Packerland+Drive,+Green+Bay,+WI/@44.5174571,-88.0742938,14z/data=!4m9!4m8!1m0!1m5!1m1!1s0x8802f9c7297904b5:0x81c52e6e5bb8024a!2m2!1d-88.0992063!2d44.5190376!3e0",,,,,
Green Bay West High School ,,,,,,,,,,,,
Green Bay East H.S.,City Stadium,Allouez,"1500 E Walnut St, Green Bay, WI 54301",Green Bay,WI,54301,"https://www.google.com/maps/place/1500+E+Walnut+St,+Green+Bay,+WI+54301/@44.5071861,-87.9937548,17z/data=!3m1!4b1!4m5!3m4!1s0x8802e516305d3917:0x245510c1e2480be7!8m2!3d44.5071861!4d-87.9915608",,,,,
Greenfield MS GHS JV field,JV Field,AC Toros,"3200 W Barnard Ave, Greenfield, WI 53221",,,,,,,,,
Greenwood Park,TBD,Jefferson Cup - VA Richmond,"11217 Greenwood Drive, Glen Allen, VA 23059",,,,,,,,,
GRIGNON PARK,Grignon Park,,"1111 Augustine St., Kaukauna, WI 54130",WI,,,54130,�,,,,
Grover Park (formerly Greenwood Pk),#02,Jefferson Cup - VA Richmond,"11217 Greenwood Drive, Glen Allen, VA 23059",,,,,,,,,
Gully,,MKSC TO(Tosa),"7900 Menomonee River Pkwy.,(south of Milwaukee Ave.), Wauwatosa, WI",,,,,,,,,
Hales Corners Park,,MKSC - South,"Hales Corners Park, 5765 S New Berlin Rd, Hales Corners, WI 53130",,,,no field map,no field map,,,,
Hallmark SF - Lowell,#2,NWI Lions United,"18150 Mississippi St, Lowell, IN 46356",,,,no field map,,,,,
Healtheast Sportscenter Fieldhouse,#1,Salvo SC (MN),"4125 Radio Dr., Woodbury, MN 55129",,,,,,,,,
Heather Ridge Park,,,"W248S7475 Nottingham Way, Waukesha, WI 53189",,,,,,,,,
Heritage Park,,Chicago Magic,109 Community Blvd,Wheeling,IL,60090,"https://www.google.com/maps/dir//Heritage+Park+-+North+Parking,+1+Community+Blvd,+Wheeling,+IL+60090/@42.1028614,-87.9402813,43348m/data=!3m1!1e3!4m9!4m8!1m0!1m5!1m1!1s0x880fb9ff9b108711:0xcc993c3a5777f45!2m2!1d-87.9209752!2d42.1376657!3e0?entry=ttu",,,,,
Heritage Trail,,WUFC,4668 COUNTY HIGHWAY E,Slinger,WI,53086,"https://www.google.com/maps/place/4668+County+Hwy+E,+Slinger,+WI+53086/@43.2956658,-88.2696756,17z/data=!3m1!4b1!4m5!3m4!1s0x880450eae96dc56d:0xe1d7965336f4deac!8m2!3d43.2956658!4d-88.2674869",,,,,
Humboldt High School,,MN Select,"30 Baker St E, ",ST. Paul,MN,55107,,,,,,
Horace Mann,#4,Lakeshore United FC,2820 Union Ave,Sheboygan,WI,53081,"https://www.google.com/maps/place/Horace+Mann+Middle+School/@43.7350846,-87.7463036,17z/data=!3m1!4b1!4m5!3m4!1s0x0:0x7a6b0b9983d21bee!8m2!3d43.7350846!4d-87.7441149",,,,,
Hwy Q,Field 3,WI Rush,"5211 Co Hwy Q,",Waunakee,WI,53597,"https://www.google.com/maps/dir/''/hwy+q+soccer+fields/@43.1405841,-89.5084915,13z/data=!4m8!4m7!1m0!1m5!1m1!1s0x8807aa29e929a2c5:0x7b66a23c41af06de!2m2!1d-89.4734721!2d43.1405268",,,,,
Independence Park,#6,Hartford Soccer Club,"700 East Monroe Avenue,",Hartford,WI,53027,"https://www.google.com/maps/dir//Independence+Park,+700+East+Monroe+Avenue,+Hartford,+WI+53027/@43.3110656,-88.3835429,12z/data=!4m8!4m7!1m0!1m5!1m1!1s0x88044f767da520df:0xcf5011dfa1b107a4!2m2!1d-88.3664257!2d43.3045608",,,,,
James Cownie sf,#4,,"2600 Hartford Ave., Des Moines, IA 50320",,,,,,,,,
Janesville YSC (Youth Sports Complex),Field #3(13U-19U),Rock Soccer Club (RSC),"100 S Wuthering Hills Dr, Janesville, WI 53546",,,,,,,,,
JPW,Field 20,Oregon SC,"Jaycee Park - West, 110 N Oak St, Oregon, WI 53575",,,,,,,,,
JR GERRITTS MS - JR HIGH,JR Gerritts MS - JR HIGH,John St at Kennedy Ave,"Kimberly, WI",WI,,,54136,�,,,,
Just for Kids (LaCrosse),#10,WI Rush WEST,"2500 Hauser St,, 
",La Crosse,WI,54601,"https://www.google.com/maps/dir//WI+RUSH+WEST/@43.6296947,-91.980767,7z/data=!4m8!4m7!1m0!1m5!1m1!1s0x87f95357ce0dcc01:0xca92a3aea0ac8e38!2m2!1d-91.219709!2d43.86075",,,,,
Justice Center,#6,Port Washington SC,1125 Spring St. ,La Crosse,WI,54601,"https://www.google.com/maps/dir//Ozaukee+County+Justice+Center,+1201+S+Spring+St,+Port+Washington,+WI+53074/@43.373699,-87.8980781,15z/data=!4m9!4m8!1m0!1m5!1m1!1s0x8804e976bd99b865:0xf519c8c8e4474f74!2m2!1d-87.8980781!2d43.373699!3e0",,,,,
Kadish Park,,MIlw. Simbas,"750 E North Avenue,",Milwaukee,WI,53212,"https://www.google.com/maps/dir//Kadish+Park,+750+E+North+Ave,+Milwaukee,+WI+53212/@43.1844107,-88.2140271,11z/data=!4m9!4m8!1m0!1m5!1m1!1s0x880519228bdc9ff9:0xbed37ef8141820f7!2m2!1d-87.9019304!2d43.0583665!3e0?entry=ttu",,,,,
KAUKAUNA HIGH SCHOOL,Kaukauna High School,,"1701 County Rd CE, Kaukauna",WI,,,54130,"<p>Field is located behind school. Parking is off of Loderbauer Rd., South of County CE.</p>
 
 �",,,,
Kelderman Stadium,Neenah Middle School,Neenah SC,"1275 Tullar Rd, Neenah, WI 54956",Neenah,WI,,,,,,,
KIEL COMPLEX FIELD OF DREAMS,Kiel Complex Field of Dreams,14203 Meggers Road,"14203 Meggers Road, Kiel",WI,,,53042,"<p>County Road AA/East Park Avenue turn North on Meggers Road.&nbsp;&nbsp;<a href=""&quot;https://goo.gl/maps/9EiUbqDgeNL2&quot;"">https://goo.gl/maps/9EiUbqDgeNL2</a></p>
 
 �",,,,
Kiwanis Park,#1,LUFC,"726 Kiwanis Park Drive,",Sheboygan,WI,53081,"https://www.google.com/maps/dir//Kiwanis+Fieldhouse+%E2%80%A2+726+Kiwanis+Park+Drive+Sheboygan,+WI/@43.5317383,-88.2507875,10z/data=!4m8!4m7!1m0!1m5!1m1!1s0x8804a7982af330c7:0x6a1706f95005c2a8!2m2!1d-87.7260121!2d43.7541434",,,,,
Knoch Park,Field A,Eclipse,"724 S West St, Naperville, IL 60540","Naperville, IL 60540",,,,,,,,
Kohler Credit Union Fields,Field Map,PW Breakers,"1125 S. Spring St.,",Port Washington,WI,53074,"https://www.google.com/maps/dir//1125+S+Spring+St,+Port+Washington,+WI+53074/@43.3747014,-87.8971277,745m/data=!3m1!1e3!4m9!4m8!1m0!1m5!1m1!1s0x8804e9762ff0b67f:0xb345eee37519f663!2m2!1d-87.8949337!2d43.3746975!3e0",,,,,
La Crosse/Field for Kids,8,WI Rush WEST,"Field for Kids, 2500 Hauser St., La Crosse, WI 54601",,,,,,,,,
Lake Forest Academy,#1,Chicago Magic,,,,,,,,,,
Lake Geneva HS LG HS (Badger HS),,Lakers SC,"220 E South St, ",Lake Geneva,WI,54147,"https://www.google.com/maps/dir//lake+geneva+HS/@42.9489212,-88.8390959,9z/data=!4m8!4m7!1m0!1m5!1m1!1s0x88058a363d3ce3b7:0xf52594d2aaf374ef!2m2!1d-88.4209004!2d42.5734371",,,,,
Lawrence Central High School:  ,,,,,,,,,,,,
Lawrence Community Park,Field #1,FC Pride,"
5301 N Franklin Rd,,  Indianapolis, IN 46226",,,,,,,,,
Libertyville Soccer Complex,Field Map,Libertyville FC,"30080 Technology Way, ",Libertyville,IL,60048,"https://www.google.com/maps/dir//libertyville+soccer+complex/@42.7987645,-88.6108113,9z/data=!4m8!4m7!1m0!1m5!1m1!1s0x880f90b35e38f395:0xc1ce4ee6f84c37bd!2m2!1d-87.9973618!2d42.3000335",,,,,
Lions Park,,SC Wave NB,"14900 W Overland Trail,",New Berlin,WI,53151,"https://www.google.com/maps/dir//Lions+Park/@42.9999523,-88.0979381,17z/data=!4m8!4m7!1m0!1m5!1m1!1s0x880508a8b115b241:0xc497e5f1478dfab6!2m2!1d-88.0979599!2d42.9997184",,,,,
Longfellow MS,,,7600 W North Ave,Wauwatosa,WI,53213,"https://www.google.com/maps/dir//Longfellow+Middle+School,+7600+W+North+Ave,+Wauwatosa,+WI+53213/@43.0622234,-88.0503642,13z/data=!4m9!4m8!1m0!1m5!1m1!1s0x88051b4a0f66e1d9:0xb2118b5720773806!2m2!1d-88.009079!2d43.0622308!3e0?entry=ttu",,,,,
Lowell Park,,,,,,,,,,,,
Lou Fusa Athlietic Complex,,,"2155 Creve Coeur Mill Rd,St. Louis, MO 63146",St Louis,MO,63146,"https://www.google.com/maps/dir//Lou+Fusz+Soccer+Club,+2155+Creve+Coeur+Mill+Rd,+St.+Louis,+MO+63146/@38.6968044,-90.4926675,15z/data=!4m8!4m7!1m0!1m5!1m1!1s0x87df2c59ee4fce1d:0xb416f50a4a7b499d!2m2!1d-90.498388!2d38.6977731",,,,,
LUXEMBURG-CASCO SPORTS COMPLEX,Luxemburg-Casco Sports Complex,318 N Main St,"318 N Main St, Luxemburg, WI",WI,,,54217,"<p>https://www.google.com/maps/place/Luxemburg-Casco+Sports+Complex/@44.5477872,-87.7063036,17z/data=!3m1!4b1!4m5!3m4!1s0x8802c5671a75efa5:0x967b908a9ae83e67!8m2!3d44.5477872!4d-87.7041149</p>
 
 �",,,,
Madison Elementary SC,,MKSC TO ,"9925 W Glendale Ave, Milwaukee, WI 53225",Milwaukee,WI,53225,"https://www.google.com/maps/dir/''/wauwatosa+madison+elementary+school/@43.100823,-88.1060731,12z/data=!4m8!4m7!1m0!1m5!1m1!1s0x88050313617beadd:0xee26e540152f19e!2m2!1d-88.0360333!2d43.1008444",,,,,
Malone Park,,SC Wave - New Berlin,"16400 W Al Stigler Pkwy, New Berlin, WI 53151",New Berlin,WI,53151,"https://www.google.com/maps/dir//malone+park,+WI/@43.0596926,-88.2365527,11z/data=!4m8!4m7!1m0!1m5!1m1!1s0x880508fb10c92a55:0xeb8fd9b8715cc5d1!2m2!1d-88.120559!2d42.972528",,,,,
Manchester Meadows Sports Complex,,Charlotte Independence Soccer Club,"337 E Mt. Gallant Rd., Rock Hill, SC 29730",,,,,,,,,
MASC,FIELD MAP,FC Menasha,"1251 Earl St., Menasha, WI 54952",,,,,,,,,
Mecklenburg County Sportsplex,,,2425 Sports Parkway,"Matthews, NC 28105",,,,,,,,
McKinley Park,Turf Field,Chicago Kic,2210 W Pershing Rd,Chicago,IL,60609,,,,,,
McMurray Fields,East Fields,Salvo SC (MN),"1155 Jessamine Ave W, St. Paul, MN 55117",,,,,,,,,
Memorial Park,,Neenah,"1131 Tullar Road, Neenah, WI 54956",Neenah,WI,54956,"https://www.google.com/maps/dir//Memorial+Park,+Neenah,+WI+54956/@44.1634264,-88.5021284,15z/data=!4m9!4m8!1m0!1m5!1m1!1s0x8803c734f1ab65af:0x92f015823cc35c31!2m2!1d-88.5021284!2d44.1634264!3e0",,,,,
Menasha Youth Sports Complex,Menasha Area Soccer Club Complex,1251 Earl Street,"1251 Earl Street, Menasha 54914",WI,,,54952,"<p>Intersection of Airport Road and Earl Street. 1 mile South of Midway Road, 1 mile West of Hwy &quot;47&quot; (Appleton Road).</p>
 
 �",,,,
Menomonee Falls HS,Stadium - Turf,EBU,"N80W14350 Titan Dr, Menomonee Falls, WI 53051,",Menomonee Falls,WI,53051,"https://www.google.com/maps/dir//N80+W14350,+N80W14350+Titan+Dr,+Menomonee+Falls,+WI+53051/@43.1634697,-88.0923656,17z/data=!4m9!4m8!1m0!1m5!1m1!1s0x8804fe00aa3f4d9d:0x467d22defc27d00e!2m2!1d-88.0901716!2d43.1634658!3e0",,,,,
Menomonee Falls HS Stadium,,MKSC,"Woosencraft Dr, ",Menomonee Falls,WI,53051,,,,,,
Mequon Rotary Park ,#7,Fusion SC,"Mequon Rotary Park, 4100 Highland Rd., Mequon, WI 53092",,,,,,,,,
MERCY HEALTH SPORTSCORE ONE,Field 104 (11V11),,"1288 Elmwood RD, Rockford, 61103",Rockford,IL,61103,"https://www.google.com/maps/dir//1288+Elmwood+Rd,+Rockford,+IL+61103/@42.3288129,-89.0674271,17z/data=!4m9!4m8!1m0!1m5!1m1!1s0x8808bdc87c85d747:0x93bee06b9f4168a2!2m2!1d-89.0652384!2d42.3288129!3e0?hl=en",,,,,
MERCY HEALTH SPORTSCORE TWO,,Rockford Raptors,"8800 East Riverside Blvd, Rockford, IL 61111",Rockford,IL,61111,"https://www.google.com/maps/dir//8800+E+Riverside+Blvd,+Loves+Park,+IL+61111/@42.3224161,-88.9467176,17z/data=!4m9!4m8!1m0!1m5!1m1!1s0x8808ba08e2ac623d:0xa17d3f0126a44f3b!2m2!1d-88.9445289!2d42.3224161!3e0?hl=en",,,,,
Merton community Park,#4 or #6,Strike FC,"N75 W31283 County Rd VV, Hartland, WI 53029",,,,,,,,,
Milwaukee County Sports Complex,,AC Toros,"6000 W. Ryan Rd, Franklin, WI 53132",Franklin,WI,53132,"https://www.google.com/maps/dir//milwaukee+county+parks,+ryan+rd.,+milwaukee/@43.088466,-88.3675105,10z/data=!4m8!4m7!1m0!1m5!1m1!1s0x880512f6dda7f1c3:0xc22017ee8fa55239!2m2!1d-87.9873039!2d42.8790486",,,,,
Milwaukee Sports Club,Milwaukee Sports Club field map,Milwaukee Sports Club,"N56W14750 Silver Spring Drive, Menomonee Falls, WI 53051",Menomonee Falls,WI,53051,"https://www.google.com/maps/place/N56W14750+Silver+Spring+Dr,+Menomonee+Falls,+WI+53051/@43.1218,-88.084569,12z/data=!4m5!3m4!1s0x8805018216e4d7ab:0x695929fbebd6c15!8m2!3d43.1211836!4d-88.0957521?hl=en",Milwaukee Sports Club field map,http://www.milwaukeesportclub.com/Websites/sportclub/images/2015FieldMap/filedmap2016revsmall.bmp,,,
Mindiola Park,,,,,,,,,,,,
Miniwaukan Park,,MKSC Mukwonago,"360 McKenzie Dr, Mukwonago, WI 53149",Mukwonago,WI,53149,"https://www.google.com/maps/dir//miniwaukan+park+mukwonago+wisconsin/@43.0895228,-88.4889293,10z/data=!4m8!4m7!1m0!1m5!1m1!1s0x8805bd52c4fabe9d:0xcbd374a6b10a9491!2m2!1d-88.3244696!2d42.8593585",,,,,
Missouri Rush Sports Park,,,,,,,,,,,,
Monterey SP,#8,Strike FC,"Ewald Fields - Monterey Park N80W38226 McMahon Road Oconomowoc, WI 53066",,,,,,,,,
MOSC Outdoor Sports Complex,FIELD MAP F21,SC Wave,"W212N4933 Weyer Rd, Menomonee Falls, WI 53041",Menomonee Falls,WI,53041,"https://www.google.com/maps/dir//W212N4933+Weyer+Rd,+Menomonee+Falls,+WI+53051/@43.1074951,-88.1785581,17z/data=!4m9!4m8!1m0!1m5!1m1!1s0x8805aa718e0f65eb:0xdf7dc1859c0c11ae!2m2!1d-88.1763694!2d43.1074951!3e0",,,,,
MSOE Raiders Field,,,"1010 N Milwaukee St, Milwaukee, WI 53202",,,,,,,,,
MTA Winter Park Training Complex,Field Map,MTA,"9520 Viking Dr.,Eden Prairie MN 55344",,,,,,,,,
Naga-Waukee Park,North Side,FCW West,"651 WI-83, Hartland, WI 53029",,,,,,,,,
Naga-Waukee Park,South Side,FCW West,"651 WI-83, Hartland, WI 53029",,,,,,,,,
Nathan Hale HS,,Parkland U10 and under,"11601 W Lincoln Ave, West Allis 53227",,,,,,,,,
National Sports Center,#49,MN - ,"National Sports Complex, 1700 105th Ave NE, Blaine, MN 55449",,,,,,,,,
Nature Hill Intermediate,#1,Strike FC,"820 Lake Drive, Oconomowoc, WI 53066",,,,,,,,,
NEENAH MAHLER PARK,Neenah Mahler Park,1536 SOUTH PARK AVE,"1536 SOUTH PARK AVE, Neenah, WI ",WI,,,54956,�,,,,
Neenah Memorial Park,Field Map,Neenah SC,"1131 Tullar Road, Neenah, WI 54956",Neenah,WI,54956,"https://www.google.com/maps/dir//Neenah+Memorial+Park,+Apple+Blossom+Dr,+Neenah,+WI+54956/@44.1619878,-88.5042405,17z/data=!4m9!4m8!1m0!1m5!1m1!1s0x8803c74bc3c273e1:0x4c275dbbe338545b!2m2!1d-88.5020465!2d44.161984!3e0",,,,,
NEENAH MEMORIAL PARK,Neenah Memorial Park,1121 Tullar Road,"1121 Tullar Road, Neenah, WI ",WI,,,54956,�,,,,
NEENAH SOUTHVIEW PARK,Neenah Southview Park,200 W. BELL STREET,"200 W. BELL STREET, Neenah, WI",WI,,,54956,�,,,,
New Berlin Eisenhower Middle-High School,SCW New Berlin,"4333 S Sunny Slope Rd, ","4333 S Sunny Slope Rd, , New Berlin, WI 53151",New Berlin,WI,53151,"https://www.google.com/maps/dir//4333+S+Sunny+Slope+Rd,+New+Berlin,+WI+53151/@42.9649194,-88.094991,17.6z/data=!4m9!4m8!1m0!1m5!1m1!1s0x8805092a99f887ed:0x4252e604e5a4d830!2m2!1d-88.0916027!2d42.9644506!3e0",,,,,
New Berlin Eisenhower West,SCW New Berlin,,"18695 W Cleveland Ave, New Berlin, WI 53146",,,,,,,,,
Nike Park Turf Field,,Eclipse (IL),"288 Diehl Rd., Naperville, IL  60563",,,,,,,,,
Niles West High School,Stadium,,"5701 W Oakton St, Skokie, IL 60077",,,,,,,,,
Niles West High School-Soccer Field,training fields,,"7700 Gross Point Rd., Skokie, IL 60077",,,,,,,,,
Nouryon Sports Complex,,United FC,"1600 Pinecrest Rd, Howard, WI 54313",,,,,,,,,
Oak Brook Park District,Turf Field,Eclipse and OBSC,"1450 Forest Gate Road, Oak Brook, IL.",,,,,,,,,
Oakland Univeristy,,Vardar,"318 Meadow Brook Rd, Rochester, MI 48309",,,,,,,,,
Old Orchard Junior HS,,Chicago Fire Jr. West,"Old Orchard Jr. HS, 9310 Kenton Ave., Skokie, IL 60076",,,,,,,,,
Olympic PK,#03,Soccers FC,"Olympic Park, 1675 E. Old Schaumburg Rd., Schaumburg, IL",,,,,,,,,
OSHKOSH YMCA,Oshkosh YMCA,,"3303 W 20th Ave.,Oshkosh, WI",Oshkosh,WI,53904,"https://www.google.com/maps/dir//Oshkosh+Community+YMCA-+20th+Ave/@43.9950021,-88.6191285,17z/data=!4m9!4m8!1m0!1m5!1m1!1s0x8803ef40dba3de67:0xfab4d20bcd140398!2m2!1d-88.616454!2d43.9950688!3e0?entry=ttu","<p>Fields are located behind (south)&nbsp;the YMCA building. Use the one way road located to the riight of the building (west) to get to the fields. Please obey all parking restrictions as nted by poted signs.</p>
 
 �",,,,
Oshkosh North High School,stadium,Neenah SC,"1100 W Smith Ave, Oshkosh, WI",,,,,,,,,
OUTAGAMIE COUNTY FAIR GROUNDS (EAST),Outagamie County Fair Grounds (East),610 N Main St.,"610 N Main St.,Seymour",WI,,,54165,"<p>Entrance is just north of this house.</p>
 
 
 
 <p>Planned opening in 2019 or 2020.</p>
 
 �",,,,
OUTAGAMIE COUNTY FAIR GROUNDS (WEST),Outagamie County Fair Grounds (West),534 Henry St.,"534 Henry St.,Seymour",WI,,,54165,"<p>Address is for storage units just south of the entrance.&nbsp; Proceed North to the opening in the fence.</p>
 
 �",,,,
Overland Park Soccer Complex,,,13700 Switzer,Overland Park,KS,66221,"https://www.google.com/maps/dir//13700+Switzer+Rd,+Overland+Park,+KS+66221/@38.8801968,-94.7071369,17z/data=!4m9!4m8!1m0!1m5!1m1!1s0x87c0c03d0037c4eb:0x157fefe343c74f7f!2m2!1d-94.7045566!2d38.8801968!3e0?entry=ttu",,,,,
Palatine HS,#19 Aspen,Soccers FC,"Palatine High School, 1351 N. Rohlwing Rd., Palatine, IL 60074",,,,,,,,,
PCYS Soccer Complex,,Portage County SC,701 Badger Ave. Stevens Point ,Stevens Point,WI,54481,"https://www.google.com/maps/dir//701+Badger+Ave,+Stevens+Point,+WI+54482/@44.5294087,-89.4983275,17z/data=!4m9!4m8!1m0!1m5!1m1!1s0x880051bf6e12e9f5:0x9f5d4f35d923d907!2m2!1d-89.4961388!2d44.5294087!3e0?hl=en",,,,,
Peoples Sports Complex (Eastbay SC),13,Marathon County United SC,"Eastbay SC, 602 E Kent St, Wausau, WI 54403",,,,,,,,,
Pewaukee Soccer Complex,,Pewaukee Soccer Club,N45W23440 Lindsay Rd,Pewaukee,WI,53072,"https://www.google.com/maps/dir//Pewaukee+Sports+Complex,+Lindsay+Road,+Pewaukee,+WI/@43.0786138,-88.2325234,14z/data=!4m8!4m7!1m0!1m5!1m1!1s0x8805abac67d409db:0x4ac24d620babeaa3!2m2!1d-88.2139831!2d43.1029617?hl=en",,,,,
Phoenix Middle School,,Delavan (Southern Lakes Rush),"414 Beloit St, ",Delavan,WI,53115,"https://www.google.com/maps/dir//Phoenix+Middle+School,+414+Beloit+St,+Delavan,+WI+53115/@42.627014,-88.661053,15z/data=!4m9!4m8!1m0!1m5!1m1!1s0x8805fa243dde7775:0xe7a335f13a14969!2m2!1d-88.6610528!2d42.627014!3e0?hl=en",,,,,
Pirate Cove Stadium,Stadium,Sun Prairie SC,"Fall River, 310 Prairie St, Fall River, WI.",,,,,,,,,
Pollworth Park,,,,,,,,,,,,
Polonia SP,,Polonia Soccer Club,"10200 W Loomis Rd,",Franklin,WI,53132,"https://www.google.com/maps/dir/''/polonia+soccer+park/@42.8859527,-88.1188949,12z/data=!4m8!4m7!1m0!1m5!1m1!1s0x88050da81c3727eb:0xec2a13539993dd2b!2m2!1d-88.048855!2d42.885974",no field map,,,,
Port Washington SC fields,Field Map,,"Kohler Credit Union Fields, 1125 S. Spring St.",Port Washington,WI,53074,"https://www.google.com/maps/dir//1125+S+Spring+St,+Port+Washington,+WI+53074/@43.3747014,-87.8971277,745m/data=!3m1!1e3!4m9!4m8!1m0!1m5!1m1!1s0x8804e9762ff0b67f:0xb345eee37519f663!2m2!1d-87.8949337!2d43.3746975!3e0",,,,,
Premier Sports Complex,,ECNL,"5895 Post Blvd., ",Lakewood Ranch,FL,34211,,,,,,
Pride Performance,,FC Pride,"Pride Performance indoor center,11960 E 62nd Street, Indianapolis, IN 46235",,,,,,,,,
Pritchard,Stadium Field,Red Star Soccer Club,"2800 Ohio St,",Racine,WI,53406,"https://www.google.com/maps/dir//Pritchard+Park,+2800+Ohio+St,+Racine,+WI+53406/@43.004371,-88.015847,10z/data=!4m9!4m8!1m0!1m5!1m1!1s0x880542b9c857b21b:0x80d13467b04eba38!2m2!1d-87.8381312!2d42.6980586!3e0?entry=ttu",,,,,
PWSB Soccer Park,#2,Northshore United,N143 W6499 Layton St.,Cedarburg,WI,53012,"https://www.google.com/maps/place/PWSB+Soccer+Park/@43.2778185,-87.9941582,17z/data=!3m1!4b1!4m5!3m4!1s0x8804e51f2c1ab00d:0xc6a62c8957412f82!8m2!3d43.2778185!4d-87.9919695?hl=en",,,,,
QUARRY PARK,Quarry Park,,"1625 Quarry Park Drive,De Pere, WI",WI,,,54115,"<p>Town of Lawrence - From Hwy 41 to Scheuring Road exit; Go west on Scheuring Road 1/2 mile; Take a right on Quarry Park Drive and proceed to Park; Park is on right.</p>
 
 �",,,,
Quit Qui Sports Complex,,Plymouth SC,"1555 Riverview Rd.,",Plymouth,WI,53073,"https://www.google.com/maps/dir//quit+qui+sports+complex/@43.5438366,-88.3581296,10z/data=!4m8!4m7!1m0!1m5!1m1!1s0x88049d6621fe0d09:0x7431a45ccf529816!2m2!1d-87.9886007!2d43.7639193",,,,,
R.E.A.L School,Indoor turf,ACE,"R.E.A.L School, 10116 Stellar Ave., Sturtevant, WI 53177",,,,,,,,,
Rantoul Sports Complex,Field Map,,744 Murray Rd.,Rantoul,IL,61866,,,,,,
RED SMITH PARK,Red Smith Park,2765 Sussex Rd,"2765 Sussex Rd., Green Bay, WI",WI,,,54311,�,,,,
Reddan SP ,Turf,Madison 56ers/ others,"6874 Cross Country Rd,",Verona,WI,53593,"https://www.google.com/maps/dir//reddan+soccer+park/@43.1671255,-89.453329,9z/data=!4m8!4m7!1m0!1m5!1m1!1s0x8807b03bc7fcf9d9:0x7182a054ce12f0b9!2m2!1d-89.5249907!2d43.0051456",,,,,
Reindahl (Amund) Park,,,1818 Portage Rd.,Madison ,WI,53704,"https://www.google.com/maps/dir//43.1266736,-89.317167/@43.1254154,-89.3170734,414m/data=!3m1!1e3?hl=en",,,,,
Ripp,,Waunakee SC,"Ripp Park, 213 Dorn Dr, Waunakee, WI 53597",,,,,,,,,
River City Park,#06,VA Richmond Strikers,"12838 Genito Rd., Midlothian, VA 23112",,,,,,,,,
River City Park - BACK,#11,Jefferson Cup- VA Richmond Strikers,"13030 Geniot Rd, midlothian, VA 23112",,,,,,,,,
River City Sportsplex,Field Map,Raleigh Strikers,"13030 Genito Road., Midlothian, VA 23112",,,,,,,,,
River Park,,MKSC INFC,"E River Park Ct, Shorewood, WI 53211",,,,,,,,,
"Rotary SP- Elkhorn, WI",,Elkhorn SC,"115 O'Connor Dr, Elkhorn, WI 53121",,,,,,,,,
"Rotary SP- Mequon, WI",Field Map,North Shore United,"4100 Highland Rd, Mequon, WI 53092",,,,,,,,,
Round Rock Multipurpose Complex,FIELD MAP,,"2001 North Kenney Fort Blvd., Round Rock, TX",,,,,,,,,
Routine Field,,SC Wave ,"7035 S. Ballpark Dr. Franklin, WI 53132 (76th and Rawson Avenue)",,,,,,,,,
Scary Hill Park,,FC Wisconsin North,"1865 Scray Hill Rd, De Pere, WI 54115",,,,,,,,,
Scheels USA Youth Complex,Field Map,New United,3300 E.  Evergreen Dr.,Appleton,WI,54913,"https://www.google.com/maps/dir//Scheels+USA+Youth+Sports+Complex+Appleton,+WI+54913/@43.792296,-88.9315555,9z/data=!4m8!4m7!1m0!1m5!1m1!1s0x8803b1848a26cfd5:0xfe911932435f988e!2m2!1d-88.3570079!2d44.304688",,,,,
Schoolcraft College - St. Joe's Sports,,MI Wolves,"18600 Haggerty Rd, Livonia, MI 48152",,,,,,,,,
Schwabenhof,#6,Milwaukee Sports Club,"Milwaukee Sport Club (Schwabenhof) N56 W14750 Silver Spring Dr., ",Menomonee Falls,WI,53051,"https://www.google.com/maps/place/N56W14750+Silver+Spring+Dr,+Menomonee+Falls,+WI+53051/@43.130069,-88.100448,13z/data=!4m5!3m4!1s0x8805018216e4d7ab:0x695929fbebd6c15!8m2!3d43.1211836!4d-88.0957521?hl=en",,,,,
SCORe,#TBA,Racine/Kenosha Union,"SCORe, 9509 Dunkelow Rd.",Franksville,WI,53126,"https://www.google.com/maps/place/Racine+Area+Soccer+Association/@42.7604755,-87.9764234,12z/data=!4m18!1m12!4m11!1m3!2m2!1d-87.9019224!2d42.7600974!1m6!1m2!1s0x8805697cf5d5bdab:0xb7a9a11c97053ba0!2sscores+soccer+racine!2m2!1d-87.9064223!2d42.760504!3m4!1s0x8805697cf5d5bdab:0xb7a9a11c97053ba0!8m2!3d42.760504!4d-87.9064223",,,,,
Scottish Highlands Park,Upper U12,Sun Prairie SC,"300 Stonehaven Dr, ",Sun Prairie,WI,53590,"https://www.google.com/maps/dir//Stoneridge+Estates+Park,+300+Stonehaven+Dr,+Sun+Prairie,+WI+53590/@43.20082,-89.217481,16z/data=!4m9!4m8!1m0!1m5!1m1!1s0x8806f7a5381da25b:0xee15bf3ab2c3fd73!2m2!1d-89.2174812!2d43.2008203!3e0?hl=en",,,,,
Seminole Soccer Complex,Field Map,Orlando Youth Soccer,"1900 Seminole Soccer Loop, Sanford, FL",,,,,,,,,
Seven Hills School,,,"5400 Red Bank Road, Cincinnati, OH 45227",,,,,,,,,
SEYMOUR HIGH SCHOOL,Seymour High School,,"10 Circle Drive, Seymour, WI ",WI,,,54165,"<p>Field 1 &amp; 3 are closest to the west side of the high school,&nbsp; Field 7 is closest to the parking lot in Rock Ledge Park, Entrance across from 663 W High Rd.&nbsp; Field 4 is in the middle of all so park where most convienent.</p>
 
 �",,,,
Slyman Bros SLYSA Complex,,,"3901 Huster Rd, St Charles, MO 63301",,,,,,,,,
Somers Memorial Park,,Red Star SC,"7511 12th St, Kenosha, WI 53144",,,,"7511 12th St, Kenosha, WI 53144",,,,,
Southwest High School-Green Bay,,,"1331 Packerland Dr, Green Bay, WI 54304",,,,,,,,,
Southwest Park,#7,DePere Select Soccer,"Southwest Park, 2472 lawrence Drive, De Pere, WI 54115",,,,,,,,,
SOUTHWEST PARK,Southwest Park,2472 Lawrence Drive,"2472 Lawrence Drive, De Pere, WI",WI,,,54115,"<p>Direction to Southwest Park:&nbsp; Go East on Scheuring Road off of Highway 41, turn right (south) on Lawrence Drive. Proceed to soccer fields on your right.</p>
 
 
 
 <p>&nbsp;</p>
 
 �",,,,
Spanish Immersion School,,Club Deportivo,"Spanish Immersion School, Lower level, 3578 S. 88th Street, Milwaukee, WI 53228",,,,,,,,,
Sportscore 1,Field Map,Rockford Raptors,"8800 E. Riverside Blvd.,",Loves Park,IL,6111,"https://www.google.com/maps/dir//Mercyhealth+Sportscore+One,+1288+Elmwood+Rd,+Rockford,+IL+61103/@42.8178687,-89.2154216,9z/data=!4m9!4m8!1m0!1m5!1m1!1s0x8808bdb7cabf19df:0xfebacb172a563915!2m2!1d-89.0652935!2d42.3288661!3e0?entry=ttu",,,,,
Sportscore 2,Field Map,Rockford Raptors,1288 Elmwood Rd.,Rockford,IL,61103,"https://www.google.com/maps/dir//8800+E+Riverside+Blvd,+Loves+Park,+IL+61111/@42.8139394,-89.1749071,9z/data=!4m9!4m8!1m0!1m5!1m1!1s0x8808ba08e2ac623d:0xa17d3f0126a44f3b!2m2!1d-88.9445289!2d42.3224161!3e0?entry=ttu",,,,,
SPRING GREEN PARK,Spring Green Park,3640 Spring Green Rd,"3640 Spring Green Rd, Green Bay, WI 54313",WI,,,54313,�,,,,
St. Augustine Prep Academy,Stadium Turf,Street Dreams/soccer across America/AC Torros,"2607 S 5th St, ",Milwaukee,WI,53207,"https://www.google.com/maps/dir//st.+augustine+prep+academy/@43.1511175,-88.1904697,11z/data=!4m8!4m7!1m0!1m5!1m1!1s0x8805175ee90f77a1:0x58d7444bd1c3aaa0!2m2!1d-87.9174845!2d42.9975372",,,,,
St. Augustine Preparatory Academy,,Croatian Eagles,"St. Augustine Preparatory Academy, 2607 S. 5th St., Milwaukee, WI 53207",,,,,,,,,
ST. MARY'S SOCCER COMPLEX,St. Mary's Soccer Complex,Pine Mountain Road,"Pine Mountain Road, Iron Mountain, MI 49801",MI,,,49801,�,,,,
St. Sava,,United Serbian SC,"3265 S. 51st St.,",Milwaukee,WI,53219,"https://www.google.com/maps/place/3265+S+51st+St,+Milwaukee,+WI+53219/@42.985059,-87.9810007,17z/data=!3m1!4b1!4m5!3m4!1s0x88051066e75f2ae3:0xad3c2512c0745094!8m2!3d42.985059!4d-87.978812",,,,,
Stillwater HS MN,Field Map ,St. Croix SC,"5701 Stillwater Blvd N, Oak Park Heights, MN 55082",,,,,,,,,
Stoneridge Estate ,,SPSC,"6700 Tartan Trail, Sun Prairie, WI 53590",,,,,,,,,
Striker Park,#01,Jefferson Cup,"4801 Pouncey Tract Rd., Glen Allen, VA 23059",,,,,,,,,
Stuart Sports Complex,Field Map ,Eclipse,"Stuart Sports Complex, North Entracne field #01-#22 39W143 Jericho Rd, Aurora, IL 60506                       South Entrance, Field #23 - #31 US-30 & Griffin Dr, Montgomery, IL 60538",,,,,,,,,
Stuart Sports Complex,Field #01,Eclipse,"North Entriance: fields #1-#22 39W585 Jericho Road, Aurora, IL 60506                                                   South Entrances Fields #23-26 Route 30 and Griffin Drive, Montgomery, IL 60538",,,,,,,,,
SUNSET PARK,Sunset Park,800 W Kimberly Ave,"800 W Kimberly Ave, Kimberly, WI",WI,,,54136,�,,,,
Sunset Park West,,Kimberly SA,"Sunset Park West,800 West Kimberly Avenue, Kimberly, WI",,,,,,,,,
Surf Sports Park,,,"14989 Via De La Valle, Del Mar, CA 92014",,,,,,,,,
Sylvan Lake,Field E,Orlando Youth Soccer,"845 Lake Markham Rd., Sanford, FL 32771",,,,,,,,,
Techny Prairie Park & Fields,Field #1,Chicago Magic,"1750 Techny Rd, Northbrook, IL 60062",,,,,,,,,
"The TBK Bank Sports Complex, LLC",FIELD MAP,"Bettendorf, IA","4850 Competition Drive, Bettendorf, IA 52722",,,,,,,,,
TIPLER MIDDLE SCHOOL,Tipler Middle School,,"325 S. Eagle, Oshkosh, WI",WI,,,54902,"<p>Fields are located behind (west) the school. Parking is in the school lot or street parking on Bismark Ave. to the soth of the school/fields. The fields themselves are in a lowed basin below typical ground level.&nbsp;</p>
 
 �",,,,
Tomah Youth Soccer,VA Fields,Tomah SC,"500 E Veterans St,(Turn onto N. Glendale Ave., Tomah, WI 54660",,,,,,,,,
Trenton Fields,,,"1071 WI-33, West Bend, WI 53095",,,,,,,,,
Uihlein Soccer Park,TBA,MKSC,"7101 W. Good Hope Rd.,",Milwaukee,WI,53223,"https://www.google.com/maps/dir//7101+Good+Hope+Rd,+Milwaukee,+WI+53223/@43.1462617,-88.0002185,17z/data=!4m9!4m8!1m0!1m5!1m1!1s0x88051d5b3b94d7ab:0xd49c2829e1da8887!2m2!1d-87.9980298!2d43.1462617!3e0",,,,,
Underwood Elementary,,MKSC TO (Tosa),"11132 W Potter Rd, ",Wauwatosa,WI,53226,"https://www.google.com/maps/dir//underwood+elementary+school/@43.1834978,-88.2915989,11z/data=!4m8!4m7!1m0!1m5!1m1!1s0x880505aadc116fed:0xcdb25ca73c320965!2m2!1d-88.0528963!2d43.041335",,,,,
Union Grove HS,,ACE SC,"3433 S Colony Ave, Union Grove, WI 53182",,,,,,,,,
United Sports Training Center,FIELD MAP,,"1426 Marshallton Thorndale Rd, Downingtown, PA 19335",,,,,,,,,
USA Youth Complex,Field Map,New United,"3300 E.  Evergreen Dr., ",Appleton,WI,54913,"https://www.google.com/maps/dir//Scheels+USA+Youth+Sports+Complex+Appleton,+WI+54913/@43.792296,-88.9315555,9z/data=!4m8!4m7!1m0!1m5!1m1!1s0x8803b1848a26cfd5:0xfe911932435f988e!2m2!1d-88.3570079!2d44.304688",,,,,
UW Waukesha Field,FIELD MAP,SC Wave,"750 N University Dr., Waukesha, WI 53188",,,,,,,,,
UWO Rec Plex,Field North,Oshkosh Soccer Club,"140 OSCEOLA ST, OSHKOSH, WI 54901",,,,,,,,,
Valley Fields- MU fields,,Marquette University,"1818 Canal St., ",Milwaukee,WI,53223,"https://www.google.com/maps/dir//marquette+valley+fields/@43.1660321,-88.1924334,11z/data=!4m8!4m7!1m0!1m5!1m1!1s0x88051a28db2f463f:0xdee72873e091d1c6!2m2!1d-87.9382797!2d43.03212",,,,,
Valley View Park- New Berlin,3,SC Waukesha New Berlin,"Valley View Park, 5051 S. Sunnyslope Rd.,",New Berlin,WI,53151,"https://www.google.com/maps/dir/''/valley+view+park+new+berlin/@42.9528866,-88.1620908,12z/data=!4m8!4m7!1m0!1m5!1m1!1s0x88050932e47b15f1:0x2797391ee1822999!2m2!1d-88.0920509!2d42.952908",,,,,
Verhagen Park,Verhagen Park,870 W Third St,"870 W. Third St., Kimberly, WI 53136",WI,,,54136,�,,,,
Vernon Hills Athletic Complex,Field Map,"FC United, IL","300 Nike Pkwy, Vernon Hills, IL 60061",,,,,,,,,
Veterens Park,,LUFC,"2300 Union Avenue, Sheboygan, WI ",,,,,,,,,
Voice of America,Field Map,Kings Hammer (OH) Blue Chip,"7850 VOA Park Dr., West Chester Township, OH 45069",,,,,,,,,
Voigt SP,Field map F21,Elmbrook,"19485 W Lisbon Rd, ",Brookfield,WI,53045,"https://www.google.com/maps/dir/''/voigt+soccer+park+brookfield+wisconsin/@43.1028906,-88.2219165,12z/data=!4m8!4m7!1m0!1m5!1m1!1s0x880500be27362bb1:0x87ba9220eec0bf15!2m2!1d-88.1518767!2d43.102912",,,,,
Wales Community Park,16,Strike FC,"Wales Community Park, 420 S. Brandybrook Rd., ",Wales,WI,53183,"https://www.google.com/maps/dir/''/wales+community+park/@42.9952943,-88.450419,12z/data=!4m8!4m7!1m0!1m5!1m1!1s0x8805ba6cf7daadcb:0x15e3447180e97d97!2m2!1d-88.3803792!2d42.9953157",,,,,
Warren County,Field Map,Kings Hammer (OH) Blue Chip,"1408 OH-741, Lebanon, OH 45036",,,,,,,,,
Washington Field,#4,Wisconsin Rapids SC,"1010 28th St N, , Wisconsin Rapids, WI 54494",,,,,,,,,
Waukegan Sports Park,,,"3391 W Beach Rd, Waukegan, IL 60085",,,,,,,,,
Waukesha North High School,,SC Wave,"2222 Michigan Ave, Waukesha, WI 53189",,,,,,,,,
Webster Middle School,Field A,Northshore United,"Webster Middle School, W75N624 Wauwatosa Rd., Cedarburg, WI 53012",,,,,,,,,
West Allis Athletic Complex,,Parkland,"11542 W Cleveland Ave,",Milwaukee,WI,53227,"https://www.google.com/maps/dir//West+Allis+Athletic+Complex,+West+Allis,+WI+53227/@42.9974646,-88.0590212,17z/data=!4m9!4m8!1m0!1m5!1m1!1s0x88050f79562453e3:0x58d9362ffdc60f46!2m2!1d-88.056624!2d42.997475!3e0?entry=ttu",,,,,
West Bend High School,,SCW Washington County,"1525 E Decorah Rd, West Bend",,,,,,,,,
West Creek Fields,#10,VA Richmond Strikers,"West Creek Fields, 12575 West Creek Parkway,, Henrico, VA 23238",,,,,,,,,
West St. Paul Dome,Dome,MU BLACK,"1655 Livingston Ave, West St. Paul, MN 55118",,,,,,,,,
Wheeling High School,,Soccers FC/Magic,"Wheeling HS, 900 South elmhurst Rd., Wheeling, IL 60090",,,,,,,,,
Whitman Fields,,Serbians,"4200 S 54th St, Milwaukee, WI 53220",,,,,,,,,
Whitman Middle School,,MKSC Tosa,"11100 W Center St, Milwaukee, WI 53222",,,,,,,,,
Windsor Sports Commons,,Sun Prairie / Nordic,4198 Muller Rd,Deforst,WI,53532,"https://www.google.com/maps/dir//Windsor+Sports+Commons+(Linde+Fields),+4198+Muller+Rd,+DeForest,+WI+53532/@43.2668819,-89.3420913,14z/data=!4m9!4m8!1m0!1m5!1m1!1s0x8806fc00a6216497:0x7e4823765e308ec1!2m2!1d-89.3222942!2d43.2548915!3e0",,,,,
WINNEBAGO COUNTY COMMUNITY PARK,Winnebago County Community Park,501 E County Road Y,"501 E. County Road Y, Oshkosh, WI 53532",WI,,,54901,"<p>From Hwy 41 - Hwy 76 (Jackson Street) South to County Road Y Left to park entrance and right to fields&nbsp;</p>
 
 
 
 <p>From the south in Oshkosh - North on&nbsp;Jackson Street to Snell Road and right (east) to park entrance and left to fields</p>
 
 �",,,,
WINNECONNE SOCCER COMPLEX,Winneconne Soccer Complex,Wolf Run,Winneconne,WI,,,54986,"<p>HWY 45 to HWY 116 West to 9th Street and Right to soccer fields on Wolf Run near sports fields</p>
 
 �",,,,
Winter Park,,,"9520 Viking Drive, Eden Prairie",,MN,55344,,,,,,
Wirth Park South,,Elmbrook SC,"16154-16178 W North Ave, Brookfield, WI 53005",,,,,,,,,
Wisconsin Lutheran College,Raabe Stadium,Elmbrook SC,"1401 Swan Boulevard, Wauwatosa, WI 53226",,,,,,,,,
Wittmann Park - MENASHA,Field #11 w/note,WIUFC,"1000 W. Airport Road, Menash, WI 54952",,,,,,,,,
WITTMANN PARK - MENASHA,Wittmann Park - Menasha,1000 W. Airport Road,"1000 W. Airport Rd., Menasha, WI 54952",WI,,,54952,"<p>Airport Road, between Earl Street and Highway &quot;47&quot; (Appleton Road). Entrance driveway is across from Mayer Street</p>
 
 �",,,,
Woodside (Dells) Sports Complex,,,"4770 State Hwy 13, Wisconsin Dells, WI 53965",,,,,,,,,
"Woodside-Wisconsin Dells (WD): 4770 State Hwy 13, Wisconsin Dells, WI 53965",,,,,,,,,,,,
"Woodside -Mauston (M): 4217 W50th Street, Mauston, WI 53948",,,,,,,,,,,,
"Woodside DOME - outside - 2100 River Rd, Wisconsin Dells, WI 53965",,,,,,,,,,,,
"Wisconsin Dells HS- 1501 Brew Farm Road Wisconsin Dells, WI 53965",,,,,,,,,,,,
,,,,,,,,,,,,
World Wide Technology Park,,,"World Wide Technology Soccer Park | 1 Soccer Park Road, Fenton, MO 63026",,,,,,,,,
WRIGHTSTOWN HS,Wrightstown HS,600 High St,"600 High St., Wrightstown, WI 54180",WI,,,54180,,,,,
Xcel Sportsplex,SC Wave Titletown,,"2693 W Grand Chute Blvd Appleton, WI 54913",,,,,,,,,